match_id,match_date,kickoff_time_local,match_date_utc,kickoff_time_utc,matchday,competition_id,competition_name,season,season_id,stage,home_team_id,home_team,home_team_code,away_team_id,away_team,away_team_code,venue,winner,result_home,goals_home_ht,goals_away_ht,goals_home_ft,goals_away_ft,is_home_match,last_result_vs_opponent,tickets_scanned,league_position_home,league_position_away,Opponent,Home_games,Total_gols_in_game,opponent_position,our_position,phase_of_season,numeric_result,winning_streak,Team_position,Time_of_day
d0te6swsv2y99ywgugc2utbmc,44765,0.760416667,2022-07-23Z,16:15:00Z,1,4zwgbb66rif2spcoeeol2motx,Belgian Jupiler Pro League,2022/2023,5wj8l9y4s3484k6puwup793pw,Regular Season,1uk609mhtsfhokhaewjapb26,Kortrijk,KVK,bw9wm8pqfzcchumhiwdt2w15c,OH Leuven,OHL,Guldensporenstadion,away,L,0,0,0,2,FALSE,L 1-2,,14,9,Kortrijk,0,2,14,9,Beggining,1,0,9,Afternoon
d256yo3eng04m0fu7b4sl7wno,44772,0.760416667,2022-07-30Z,16:15:00Z,2,4zwgbb66rif2spcoeeol2motx,Belgian Jupiler Pro League,2022/2023,5wj8l9y4s3484k6puwup793pw,Regular Season,bw9wm8pqfzcchumhiwdt2w15c,OH Leuven,OHL,2nhn3ikl1ciq34w3hcp883d6p,Westerlo,WES,King Power at Den Dreef Stadion,home,W,1,0,2,0,TRUE,,5565,1,1,Westerlo,1,2,1,1,Beggining,3,0,1,Afternoon
d3pqkck2grzx98jg4sofhp8us,44780,0.875,2022-08-07Z,19:00:00Z,3,4zwgbb66rif2spcoeeol2motx,Belgian Jupiler Pro League,2022/2023,5wj8l9y4s3484k6puwup793pw,Regular Season,7zibyotq1x1hq6pmgibhr0e6s,Antwerp,ANT,bw9wm8pqfzcchumhiwdt2w15c,OH Leuven,OHL,Bosuilstadion,home,W,2,1,4,2,FALSE,L 0-1,,2,1,Antwerp,0,6,2,1,Beggining,3,1,1,Evening
d4mn5ksbxuvnaww4pmommxhqs,44787,0.770833333,2022-08-14Z,16:30:00Z,4,4zwgbb66rif2spcoeeol2motx,Belgian Jupiler Pro League,2022/2023,5wj8l9y4s3484k6puwup793pw,Regular Season,bw9wm8pqfzcchumhiwdt2w15c,OH Leuven,OHL,1oyb7oym5nwzny8vxf03szd2h,Club Brugge,CLU,King Power at Den Dreef Stadion,away,L,0,2,0,3,TRUE,L 1-4,7440,4,8,Club Brugge,1,3,8,4,Beggining,1,2,4,Afternoon
d5htdqmc8w72upys41sfxhfkk,44794,0.770833333,2022-08-21Z,16:30:00Z,5,4zwgbb66rif2spcoeeol2motx,Belgian Jupiler Pro League,2022/2023,5wj8l9y4s3484k6puwup793pw,Regular Season,5z1b7fuvpqe6vnigvopomvecu,Standard Liège,STA,bw9wm8pqfzcchumhiwdt2w15c,OH Leuven,OHL,Stade Maurice Dufrasne,away,L,0,2,1,3,FALSE,W 2-1,,12,9,Standard Liège,0,4,12,9,Beggining,1,0,9,Afternoon
d65hmi7sq03yzr5he1k7ypus4,44800,0.760416667,2022-08-27Z,16:15:00Z,6,4zwgbb66rif2spcoeeol2motx,Belgian Jupiler Pro League,2022/2023,5wj8l9y4s3484k6puwup793pw,Regular Season,bw9wm8pqfzcchumhiwdt2w15c,OH Leuven,OHL,2b57rbw94i9ohnbch52owvqtq,KV Oostende,KVO,King Power at Den Dreef Stadion,home,W,0,1,2,1,TRUE,W 3-1,4489,7,11,KV Oostende,1,3,11,7,Midle,3,0,7,Afternoon
d700mwu32x772ns4veqq32yhg,44808,0.5625,2022-09-04Z,11:30:00Z,7,4zwgbb66rif2spcoeeol2motx,Belgian Jupiler Pro League,2022/2023,5wj8l9y4s3484k6puwup793pw,Regular Season,6vyr13j6kbwdtxjwm1m4m8nu2,Anderlecht,AND,bw9wm8pqfzcchumhiwdt2w15c,OH Leuven,OHL,Lotto Park,draw,D,0,1,2,2,FALSE,D 0-0,,7,4,Anderlecht,0,4,7,4,Midle,2,1,4,Morning
d80mkemezkz16bqh6lbn8tlhw,44814,0.864583333,2022-09-10Z,18:45:00Z,8,4zwgbb66rif2spcoeeol2motx,Belgian Jupiler Pro League,2022/2023,5wj8l9y4s3484k6puwup793pw,Regular Season,bw9wm8pqfzcchumhiwdt2w15c,OH Leuven,OHL,920raeoumft3q2wmvc296uceo,Sporting Charleroi,CHA,King Power at Den Dreef Stadion,home,W,1,1,3,2,TRUE,W 3-0,4508,4,6,Sporting Charleroi,1,5,6,4,Midle,3,0,4,Evening
d9pbl588401et3engzzakcfmc,44821,0.666666667,2022-09-17Z,14:00:00Z,9,4zwgbb66rif2spcoeeol2motx,Belgian Jupiler Pro League,2022/2023,5wj8l9y4s3484k6puwup793pw,Regular Season,b7jmo07lqav0wfe2mtlzyspak,Mechelen,KVM,bw9wm8pqfzcchumhiwdt2w15c,OH Leuven,OHL,Achter De Kazerne,draw,D,0,0,0,0,FALSE,L 0-2,,10,4,Mechelen,0,0,10,4,Midle,2,1,4,Afternoon
dak40etbhbqsr1nxyt50qcg0k,44835,0.666666667,2022-10-01Z,14:00:00Z,10,4zwgbb66rif2spcoeeol2motx,Belgian Jupiler Pro League,2022/2023,5wj8l9y4s3484k6puwup793pw,Regular Season,bw9wm8pqfzcchumhiwdt2w15c,OH Leuven,OHL,ecj1gmc7pqcjo4sc9hvghj5u3,Union Saint-Gilloise,STG,King Power at Den Dreef Stadion,away,L,0,2,0,3,TRUE,L 1-4,6290,4,6,Union Saint-Gilloise,1,3,6,4,Midle,1,0,4,Afternoon
dbqant2dfdnu9vplc4eqpn7dg,44842,0.760416667,2022-10-08Z,16:15:00Z,11,4zwgbb66rif2spcoeeol2motx,Belgian Jupiler Pro League,2022/2023,5wj8l9y4s3484k6puwup793pw,Regular Season,547zzwqbiugzphhnrhj3z5k5i,Zulte Waregem,ZWA,bw9wm8pqfzcchumhiwdt2w15c,OH Leuven,OHL,Elindus Arena,away,L,1,0,2,5,FALSE,D 1-1,,18,5,Zulte Waregem,0,7,18,5,Midle,1,0,5,Afternoon
dcl81t8chgq07o8rw8orj5no4,44849,0.864583333,2022-10-15Z,18:45:00Z,12,4zwgbb66rif2spcoeeol2motx,Belgian Jupiler Pro League,2022/2023,5wj8l9y4s3484k6puwup793pw,Regular Season,bw9wm8pqfzcchumhiwdt2w15c,OH Leuven,OHL,89xivtxk59uzvhdsd6miao6tm,Genk,GNK,King Power at Den Dreef Stadion,away,L,0,1,0,1,TRUE,W 2-1,7238,5,2,Genk,1,1,2,5,Midle,1,0,5,Evening
de8wkd0re6d3g1j29g1ijwmqc,44852,0.770833333,2022-10-18Z,16:30:00Z,13,4zwgbb66rif2spcoeeol2motx,Belgian Jupiler Pro League,2022/2023,5wj8l9y4s3484k6puwup793pw,Regular Season,9njsy633rh1tyri7l2jaju5o,Eupen,EUP,bw9wm8pqfzcchumhiwdt2w15c,OH Leuven,OHL,Kehrwegstadion,home,W,2,2,4,2,FALSE,L 1-3,,17,7,Eupen,0,6,17,7,Midle,3,0,7,Afternoon
df8f3q4scni4n2rc4kvtfyvbo,44856,0.760416667,2022-10-22Z,16:15:00Z,14,4zwgbb66rif2spcoeeol2motx,Belgian Jupiler Pro League,2022/2023,5wj8l9y4s3484k6puwup793pw,Regular Season,2989v3kho9h5jaboe1nr7lx21,Sint-Truiden,STV,bw9wm8pqfzcchumhiwdt2w15c,OH Leuven,OHL,Daio Wasabi Stayen Stadium,draw,D,0,0,0,0,FALSE,L 0-2,,11,7,Sint-Truiden,0,0,11,7,Midle,2,1,7,Afternoon
dfui3aovgvfccasonp6w5ajh0,44864,0.770833333,2022-10-30Z,17:30:00Z,15,4zwgbb66rif2spcoeeol2motx,Belgian Jupiler Pro League,2022/2023,5wj8l9y4s3484k6puwup793pw,Regular Season,bw9wm8pqfzcchumhiwdt2w15c,OH Leuven,OHL,8y3iucyxguipljcmf87a11bk9,Gent,GNT,King Power at Den Dreef Stadion,draw,D,0,1,1,1,TRUE,L 0-5,7166,7,5,Gent,1,2,5,7,Midle,2,0,7,Afternoon
dh2jinzfxkjr5uq2xcw047dw4,44870,0.760416667,2022-11-05Z,17:15:00Z,16,4zwgbb66rif2spcoeeol2motx,Belgian Jupiler Pro League,2022/2023,5wj8l9y4s3484k6puwup793pw,Regular Season,3ix9om1svhd6obl0mbk1otgop,Cercle Brugge,CER,bw9wm8pqfzcchumhiwdt2w15c,OH Leuven,OHL,Jan Breydelstadion,home,W,1,1,2,1,FALSE,W 3-2,,11,7,Cercle Brugge,0,3,11,7,Midle,3,0,7,Afternoon
di0x0as1g324k0hoea1o5vvh0,44876,0.864583333,2022-11-11Z,19:45:00Z,17,4zwgbb66rif2spcoeeol2motx,Belgian Jupiler Pro League,2022/2023,5wj8l9y4s3484k6puwup793pw,Regular Season,bw9wm8pqfzcchumhiwdt2w15c,OH Leuven,OHL,jb4xejoxjfk5a0a50bo8hvst,Seraing,SER,King Power at Den Dreef Stadion,home,W,4,0,5,0,TRUE,D 1-1,5285,9,18,Seraing,1,5,18,9,Midle,3,1,9,Evening
disu0asmlgxkbrbsihhfkin84,44921,0.5625,2022-12-26Z,12:30:00Z,18,4zwgbb66rif2spcoeeol2motx,Belgian Jupiler Pro League,2022/2023,5wj8l9y4s3484k6puwup793pw,Regular Season,1oyb7oym5nwzny8vxf03szd2h,Club Brugge,CLU,bw9wm8pqfzcchumhiwdt2w15c,OH Leuven,OHL,Jan Breydelstadion,draw,D,1,0,1,1,FALSE,L 0-3,,4,7,Club Brugge,0,2,4,7,Midle,2,2,7,Afternoon
dkbsomyigazbberxvdmjq7wgk,44934,0.875,2023-01-08Z,20:00:00Z,19,4zwgbb66rif2spcoeeol2motx,Belgian Jupiler Pro League,2022/2023,5wj8l9y4s3484k6puwup793pw,Regular Season,bw9wm8pqfzcchumhiwdt2w15c,OH Leuven,OHL,1uk609mhtsfhokhaewjapb26,Kortrijk,KVK,King Power at Den Dreef Stadion,away,L,1,1,2,3,TRUE,W 2-0,3766,7,16,Kortrijk,1,5,16,7,Midle,1,0,7,Evening
dlnn04m3bhefdkjof0qemprmc,44939,0.864583333,2023-01-13Z,19:45:00Z,20,4zwgbb66rif2spcoeeol2motx,Belgian Jupiler Pro League,2022/2023,5wj8l9y4s3484k6puwup793pw,Regular Season,2nhn3ikl1ciq34w3hcp883d6p,Westerlo,WES,bw9wm8pqfzcchumhiwdt2w15c,OH Leuven,OHL,Het Kuipje,away,L,0,0,1,2,FALSE,W 2-0,,6,9,Westerlo,0,3,6,9,Midle,1,0,9,Evening
dmcif0n7veawzigj8cd5bm904,44943,0.770833333,2023-01-17Z,17:30:00Z,21,4zwgbb66rif2spcoeeol2motx,Belgian Jupiler Pro League,2022/2023,5wj8l9y4s3484k6puwup793pw,Regular Season,bw9wm8pqfzcchumhiwdt2w15c,OH Leuven,OHL,9njsy633rh1tyri7l2jaju5o,Eupen,EUP,King Power at Den Dreef Stadion,draw,D,1,0,1,1,TRUE,L 2-4,3537,8,14,Eupen,1,2,14,8,Midle,2,0,8,Afternoon
dngvv4b04pq0170pqr3c73uvo,44947,0.864583333,2023-01-21Z,19:45:00Z,22,4zwgbb66rif2spcoeeol2motx,Belgian Jupiler Pro League,2022/2023,5wj8l9y4s3484k6puwup793pw,Regular Season,ecj1gmc7pqcjo4sc9hvghj5u3,Union Saint-Gilloise,STG,bw9wm8pqfzcchumhiwdt2w15c,OH Leuven,OHL,Stade Joseph Mariën,home,W,0,0,1,0,FALSE,L 0-3,,2,8,Union Saint-Gilloise,0,1,2,8,Midle,3,0,8,Evening
dojq6igk3d5ol4c78rkm0ugb8,44954,0.760416667,2023-01-28Z,17:15:00Z,23,4zwgbb66rif2spcoeeol2motx,Belgian Jupiler Pro League,2022/2023,5wj8l9y4s3484k6puwup793pw,Regular Season,bw9wm8pqfzcchumhiwdt2w15c,OH Leuven,OHL,2989v3kho9h5jaboe1nr7lx21,Sint-Truiden,STV,King Power at Den Dreef Stadion,draw,D,0,1,1,1,TRUE,D 0-0,6399,9,8,Sint-Truiden,1,2,8,9,Midle,2,1,9,Afternoon
dpjf3ys82e8ogok1huyfd64no,44961,0.760416667,2023-02-04Z,17:15:00Z,24,4zwgbb66rif2spcoeeol2motx,Belgian Jupiler Pro League,2022/2023,5wj8l9y4s3484k6puwup793pw,Regular Season,jb4xejoxjfk5a0a50bo8hvst,Seraing,SER,bw9wm8pqfzcchumhiwdt2w15c,OH Leuven,OHL,Stade du Pairay,home,W,1,1,2,1,FALSE,W 5-0,,18,10,Seraing,0,3,18,10,Midle,3,0,10,Afternoon
dqvzs325coup7j9iqyfcazmdw,44967,0.833333333,2023-02-10Z,19:00:00Z,25,4zwgbb66rif2spcoeeol2motx,Belgian Jupiler Pro League,2022/2023,5wj8l9y4s3484k6puwup793pw,Regular Season,bw9wm8pqfzcchumhiwdt2w15c,OH Leuven,OHL,3ix9om1svhd6obl0mbk1otgop,Cercle Brugge,CER,King Power at Den Dreef Stadion,draw,D,0,0,0,0,TRUE,L 1-2,4721,11,9,Cercle Brugge,1,0,9,11,Midle,2,1,11,Evening
drhnleuu8ae9hudku3cehgb9w,44976,0.666666667,2023-02-19Z,15:00:00Z,26,4zwgbb66rif2spcoeeol2motx,Belgian Jupiler Pro League,2022/2023,5wj8l9y4s3484k6puwup793pw,Regular Season,8y3iucyxguipljcmf87a11bk9,Gent,GNT,bw9wm8pqfzcchumhiwdt2w15c,OH Leuven,OHL,Planet Group Arena,home,W,0,0,2,0,FALSE,D 1-1,,5,11,Gent,0,2,5,11,End,3,0,11,Afternoon
dt091ishr3km0wuuhiatev9xw,44983,0.666666667,2023-02-26Z,15:00:00Z,27,4zwgbb66rif2spcoeeol2motx,Belgian Jupiler Pro League,2022/2023,5wj8l9y4s3484k6puwup793pw,Regular Season,bw9wm8pqfzcchumhiwdt2w15c,OH Leuven,OHL,7zibyotq1x1hq6pmgibhr0e6s,Antwerp,ANT,King Power at Den Dreef Stadion,draw,D,1,0,1,1,TRUE,L 2-4,9331,11,3,Antwerp,1,2,3,11,End,2,1,11,Afternoon
du1wib350joxeh5hdv9v8yihg,44989,0.760416667,2023-03-04Z,17:15:00Z,28,4zwgbb66rif2spcoeeol2motx,Belgian Jupiler Pro League,2022/2023,5wj8l9y4s3484k6puwup793pw,Regular Season,bw9wm8pqfzcchumhiwdt2w15c,OH Leuven,OHL,547zzwqbiugzphhnrhj3z5k5i,Zulte Waregem,ZWA,King Power at Den Dreef Stadion,home,W,3,0,4,2,TRUE,W 5-2,7785,12,16,Zulte Waregem,1,6,16,12,End,3,0,12,Afternoon
dvmreijz690fz4wcvl8yw1kic,44995,0.864583333,2023-03-10Z,19:45:00Z,29,4zwgbb66rif2spcoeeol2motx,Belgian Jupiler Pro League,2022/2023,5wj8l9y4s3484k6puwup793pw,Regular Season,920raeoumft3q2wmvc296uceo,Sporting Charleroi,CHA,bw9wm8pqfzcchumhiwdt2w15c,OH Leuven,OHL,Stade du Pays de Charleroi,away,L,0,1,0,1,FALSE,W 3-2,,9,11,Sporting Charleroi,0,1,9,11,End,1,1,11,Evening
dw8a4f7k9qt9iyxuuno9rvztg,45004,0.666666667,2023-03-19Z,15:00:00Z,30,4zwgbb66rif2spcoeeol2motx,Belgian Jupiler Pro League,2022/2023,5wj8l9y4s3484k6puwup793pw,Regular Season,bw9wm8pqfzcchumhiwdt2w15c,OH Leuven,OHL,6vyr13j6kbwdtxjwm1m4m8nu2,Anderlecht,AND,King Power at Den Dreef Stadion,away,L,0,1,0,2,TRUE,D 2-2,10827,10,9,Anderlecht,1,2,9,10,End,1,0,10,Afternoon
dwztfp6va3lnxnao66y2odq8k,45018,0.5625,2023-04-02Z,11:30:00Z,31,4zwgbb66rif2spcoeeol2motx,Belgian Jupiler Pro League,2022/2023,5wj8l9y4s3484k6puwup793pw,Regular Season,89xivtxk59uzvhdsd6miao6tm,Genk,GNK,bw9wm8pqfzcchumhiwdt2w15c,OH Leuven,OHL,Cegeka Arena,home,W,1,0,2,1,FALSE,L 0-1,,1,11,Genk,0,3,1,11,End,3,0,11,Morning
dyrd81lg1d8eb5ptsbq1tg6j8,45024,0.666666667,2023-04-08Z,14:00:00Z,32,4zwgbb66rif2spcoeeol2motx,Belgian Jupiler Pro League,2022/2023,5wj8l9y4s3484k6puwup793pw,Regular Season,bw9wm8pqfzcchumhiwdt2w15c,OH Leuven,OHL,b7jmo07lqav0wfe2mtlzyspak,Mechelen,KVM,King Power at Den Dreef Stadion,home,W,2,0,4,1,TRUE,D 0-0,8310,11,13,Mechelen,1,5,13,11,End,3,1,11,Afternoon
e0cja3pwz23dl8uqycthu33f8,45031,0.760416667,2023-04-15Z,16:15:00Z,33,4zwgbb66rif2spcoeeol2motx,Belgian Jupiler Pro League,2022/2023,5wj8l9y4s3484k6puwup793pw,Regular Season,2b57rbw94i9ohnbch52owvqtq,KV Oostende,KVO,bw9wm8pqfzcchumhiwdt2w15c,OH Leuven,OHL,Batimont Solar Park,away,L,0,2,0,4,FALSE,W 2-1,,17,11,KV Oostende,0,4,17,11,End,1,2,11,Afternoon
e0tuth9cc11wefswrzq1cjyms,45039,0.770833333,2023-04-23Z,16:30:00Z,34,4zwgbb66rif2spcoeeol2motx,Belgian Jupiler Pro League,2022/2023,5wj8l9y4s3484k6puwup793pw,Regular Season,bw9wm8pqfzcchumhiwdt2w15c,OH Leuven,OHL,5z1b7fuvpqe6vnigvopomvecu,Standard Liège,STA,King Power at Den Dreef Stadion,home,W,1,0,3,2,TRUE,W 3-1,10079,11,6,Standard Liège,1,5,6,11,End,3,0,11,Afternoon
3hphnm42ozcm1yye5nocz3ytw,45136,0.760416667,2023-07-29Z,16:15:00Z,1,4zwgbb66rif2spcoeeol2motx,Belgian Jupiler Pro League,2023/2024,f0atdrdim0sks9zagwg3an9jo,Regular Season,920raeoumft3q2wmvc296uceo,Sporting Charleroi,CHA,bw9wm8pqfzcchumhiwdt2w15c,OH Leuven,OHL,Stade du Pays de Charleroi,draw,D,1,0,1,1,FALSE,W 1-0,,13,12,Sporting Charleroi,0,2,13,12,Beggining,2,1,12,Afternoon
3kewmr690bhoid47mku9wfgno,45143,0.864583333,2023-08-05Z,18:45:00Z,2,4zwgbb66rif2spcoeeol2motx,Belgian Jupiler Pro League,2023/2024,f0atdrdim0sks9zagwg3an9jo,Regular Season,bw9wm8pqfzcchumhiwdt2w15c,OH Leuven,OHL,4kzh86nfubfwsjzerl9pz73kl,RWDM,RWD,King Power at Den Dreef Stadion,away,L,1,1,1,2,TRUE,,7786,6,16,RWDM,1,3,16,6,Beggining,1,0,6,Evening
3m8rcryxrola5kngcoiekflec,45150,0.760416667,2023-08-12Z,16:15:00Z,3,4zwgbb66rif2spcoeeol2motx,Belgian Jupiler Pro League,2023/2024,f0atdrdim0sks9zagwg3an9jo,Regular Season,ecj1gmc7pqcjo4sc9hvghj5u3,Union Saint-Gilloise,STG,bw9wm8pqfzcchumhiwdt2w15c,OH Leuven,OHL,Stade Joseph Mariën,home,W,2,1,5,1,FALSE,L 0-1,,1,11,Union Saint-Gilloise,0,6,1,11,Beggining,3,0,11,Afternoon
3nrkjdhpc5zse1sdzt1onor2s,45156,0.864583333,2023-08-18Z,18:45:00Z,4,4zwgbb66rif2spcoeeol2motx,Belgian Jupiler Pro League,2023/2024,f0atdrdim0sks9zagwg3an9jo,Regular Season,bw9wm8pqfzcchumhiwdt2w15c,OH Leuven,OHL,7zibyotq1x1hq6pmgibhr0e6s,Antwerp,ANT,King Power at Den Dreef Stadion,draw,D,0,1,1,1,TRUE,D 1-1,8577,15,4,Antwerp,1,2,4,15,Beggining,2,1,15,Evening
3qd97tj5mca89c1m61vh5j190,45164,0.760416667,2023-08-26Z,16:15:00Z,5,4zwgbb66rif2spcoeeol2motx,Belgian Jupiler Pro League,2023/2024,f0atdrdim0sks9zagwg3an9jo,Regular Season,9njsy633rh1tyri7l2jaju5o,Eupen,EUP,bw9wm8pqfzcchumhiwdt2w15c,OH Leuven,OHL,Kehrwegstadion,home,W,1,0,3,1,FALSE,D 1-1,,8,13,Eupen,0,4,8,13,Beggining,3,0,13,Afternoon
3rwouz4640n6ngfbwrwsqkp3o,45170,0.864583333,2023-09-01Z,18:45:00Z,6,4zwgbb66rif2spcoeeol2motx,Belgian Jupiler Pro League,2023/2024,f0atdrdim0sks9zagwg3an9jo,Regular Season,bw9wm8pqfzcchumhiwdt2w15c,OH Leuven,OHL,1uk609mhtsfhokhaewjapb26,Kortrijk,KVK,King Power at Den Dreef Stadion,home,W,1,0,3,0,TRUE,L 2-3,9144,14,16,Kortrijk,1,3,16,14,Midle,3,1,14,Evening
3vk3btgbt7w7qy9hjp3f2934k,45186,0.770833333,2023-09-17Z,16:30:00Z,7,4zwgbb66rif2spcoeeol2motx,Belgian Jupiler Pro League,2023/2024,f0atdrdim0sks9zagwg3an9jo,Regular Season,bw9wm8pqfzcchumhiwdt2w15c,OH Leuven,OHL,8y3iucyxguipljcmf87a11bk9,Gent,GNT,King Power at Den Dreef Stadion,draw,D,1,1,1,1,TRUE,L 0-2,9598,12,1,Gent,1,2,1,12,Midle,2,2,12,Afternoon
3xm0jsg0h11z1i1y2zizqwhec,45192,0.760416667,2023-09-23Z,16:15:00Z,8,4zwgbb66rif2spcoeeol2motx,Belgian Jupiler Pro League,2023/2024,f0atdrdim0sks9zagwg3an9jo,Regular Season,b7jmo07lqav0wfe2mtlzyspak,Mechelen,KVM,bw9wm8pqfzcchumhiwdt2w15c,OH Leuven,OHL,Achter De Kazerne,away,L,0,2,1,2,FALSE,W 4-1,,9,13,Mechelen,0,3,9,13,Midle,1,0,13,Afternoon
3yp7glzujzj8nc07qp0sd0kr8,45199,0.760416667,2023-09-30Z,16:15:00Z,9,4zwgbb66rif2spcoeeol2motx,Belgian Jupiler Pro League,2023/2024,f0atdrdim0sks9zagwg3an9jo,Regular Season,bw9wm8pqfzcchumhiwdt2w15c,OH Leuven,OHL,5z1b7fuvpqe6vnigvopomvecu,Standard Liège,STA,King Power at Den Dreef Stadion,away,L,0,1,1,2,TRUE,W 3-2,9211,12,13,Standard Liège,1,3,13,12,Midle,1,0,12,Afternoon
41a3ppgub9bq2getrvndrmv4k,45206,0.666666667,2023-10-07Z,14:00:00Z,10,4zwgbb66rif2spcoeeol2motx,Belgian Jupiler Pro League,2023/2024,f0atdrdim0sks9zagwg3an9jo,Regular Season,3ix9om1svhd6obl0mbk1otgop,Cercle Brugge,CER,bw9wm8pqfzcchumhiwdt2w15c,OH Leuven,OHL,Jan Breydelstadion,home,W,2,2,3,2,FALSE,D 0-0,,8,13,Cercle Brugge,0,5,8,13,Midle,3,0,13,Afternoon
42wgdmxzlcn9w08umkea3hpg4,45221,0.802083333,2023-10-22Z,17:15:00Z,11,4zwgbb66rif2spcoeeol2motx,Belgian Jupiler Pro League,2023/2024,f0atdrdim0sks9zagwg3an9jo,Regular Season,bw9wm8pqfzcchumhiwdt2w15c,OH Leuven,OHL,2989v3kho9h5jaboe1nr7lx21,Sint-Truiden,STV,King Power at Den Dreef Stadion,home,W,2,0,4,0,TRUE,D 1-1,7784,14,9,Sint-Truiden,1,4,9,14,Midle,3,1,14,Afternoon
44q48on0rpshsvmh6e94ls0es,45227,0.864583333,2023-10-28Z,18:45:00Z,12,4zwgbb66rif2spcoeeol2motx,Belgian Jupiler Pro League,2023/2024,f0atdrdim0sks9zagwg3an9jo,Regular Season,6vyr13j6kbwdtxjwm1m4m8nu2,Anderlecht,AND,bw9wm8pqfzcchumhiwdt2w15c,OH Leuven,OHL,Lotto Park,home,W,2,1,5,1,FALSE,L 0-2,,2,12,Anderlecht,0,6,2,12,Midle,3,2,12,Evening
4729fykixfyfwxlbno9zilq8k,45234,0.760416667,2023-11-04Z,17:15:00Z,13,4zwgbb66rif2spcoeeol2motx,Belgian Jupiler Pro League,2023/2024,f0atdrdim0sks9zagwg3an9jo,Regular Season,bw9wm8pqfzcchumhiwdt2w15c,OH Leuven,OHL,2nhn3ikl1ciq34w3hcp883d6p,Westerlo,WES,King Power at Den Dreef Stadion,away,L,0,0,0,2,TRUE,W 2-1,9240,13,16,Westerlo,1,2,16,13,Midle,1,3,13,Afternoon
48xc3lu3nk2jq8lu05jqrgfmc,45242,0.666666667,2023-11-12Z,15:00:00Z,14,4zwgbb66rif2spcoeeol2motx,Belgian Jupiler Pro League,2023/2024,f0atdrdim0sks9zagwg3an9jo,Regular Season,89xivtxk59uzvhdsd6miao6tm,Genk,GNK,bw9wm8pqfzcchumhiwdt2w15c,OH Leuven,OHL,Cegeka Arena,home,W,1,0,3,1,FALSE,L 1-2,,4,13,Genk,0,4,4,13,Midle,3,0,13,Afternoon
4bjgrdur7wdidfbs58xmjynf8,45256,0.666666667,2023-11-26Z,15:00:00Z,15,4zwgbb66rif2spcoeeol2motx,Belgian Jupiler Pro League,2023/2024,f0atdrdim0sks9zagwg3an9jo,Regular Season,bw9wm8pqfzcchumhiwdt2w15c,OH Leuven,OHL,1oyb7oym5nwzny8vxf03szd2h,Club Brugge,CLU,King Power at Den Dreef Stadion,away,L,0,1,0,1,TRUE,D 1-1,10546,14,7,Club Brugge,1,1,7,14,Midle,1,1,14,Afternoon
4derk4vitzrps5926w5dp7llg,45262,0.864583333,2023-12-02Z,19:45:00Z,16,4zwgbb66rif2spcoeeol2motx,Belgian Jupiler Pro League,2023/2024,f0atdrdim0sks9zagwg3an9jo,Regular Season,7zibyotq1x1hq6pmgibhr0e6s,Antwerp,ANT,bw9wm8pqfzcchumhiwdt2w15c,OH Leuven,OHL,Bosuilstadion,home,W,1,0,1,0,FALSE,D 1-1,,5,14,Antwerp,0,1,5,14,Midle,3,0,14,Evening
4gbdx686w0jxnz4gpsualoa38,45269,0.760416667,2023-12-09Z,17:15:00Z,17,4zwgbb66rif2spcoeeol2motx,Belgian Jupiler Pro League,2023/2024,f0atdrdim0sks9zagwg3an9jo,Regular Season,2989v3kho9h5jaboe1nr7lx21,Sint-Truiden,STV,bw9wm8pqfzcchumhiwdt2w15c,OH Leuven,OHL,Daio Wasabi Stayen Stadium,draw,D,1,1,1,1,FALSE,W 4-0,,8,14,Sint-Truiden,0,2,8,14,Midle,2,1,14,Afternoon
4i4bz7rnjs44z8bt8bnftavbo,45276,0.666666667,2023-12-16Z,15:00:00Z,18,4zwgbb66rif2spcoeeol2motx,Belgian Jupiler Pro League,2023/2024,f0atdrdim0sks9zagwg3an9jo,Regular Season,bw9wm8pqfzcchumhiwdt2w15c,OH Leuven,OHL,3ix9om1svhd6obl0mbk1otgop,Cercle Brugge,CER,King Power at Den Dreef Stadion,away,L,1,0,1,2,TRUE,L 2-3,8038,15,7,Cercle Brugge,1,3,7,15,Midle,1,0,15,Afternoon
4jf2cc3asaku8kfbswxuns4r8,45281,0.864583333,2023-12-21Z,19:45:00Z,19,4zwgbb66rif2spcoeeol2motx,Belgian Jupiler Pro League,2023/2024,f0atdrdim0sks9zagwg3an9jo,Regular Season,8y3iucyxguipljcmf87a11bk9,Gent,GNT,bw9wm8pqfzcchumhiwdt2w15c,OH Leuven,OHL,Planet Group Arena,home,W,1,0,4,0,FALSE,D 1-1,,3,15,Gent,0,4,3,15,Midle,3,0,15,Evening
4mbxzkhlc9edsor1s0fjsxses,45286,0.666666667,2023-12-26Z,15:00:00Z,20,4zwgbb66rif2spcoeeol2motx,Belgian Jupiler Pro League,2023/2024,f0atdrdim0sks9zagwg3an9jo,Regular Season,bw9wm8pqfzcchumhiwdt2w15c,OH Leuven,OHL,9njsy633rh1tyri7l2jaju5o,Eupen,EUP,King Power at Den Dreef Stadion,home,W,2,0,3,0,TRUE,L 1-3,7863,15,14,Eupen,1,3,14,15,Midle,3,1,15,Afternoon
4oobcluwuns3xnlhy5m9m7sic,45312,0.770833333,2024-01-21Z,17:30:00Z,21,4zwgbb66rif2spcoeeol2motx,Belgian Jupiler Pro League,2023/2024,f0atdrdim0sks9zagwg3an9jo,Regular Season,bw9wm8pqfzcchumhiwdt2w15c,OH Leuven,OHL,6vyr13j6kbwdtxjwm1m4m8nu2,Anderlecht,AND,King Power at Den Dreef Stadion,draw,D,1,0,1,1,TRUE,L 1-5,10786,14,2,Anderlecht,1,2,2,14,Midle,2,2,14,Afternoon
4q0z5ic8pjb74wozk4jt8clxw,45318,0.666666667,2024-01-27Z,15:00:00Z,22,4zwgbb66rif2spcoeeol2motx,Belgian Jupiler Pro League,2023/2024,f0atdrdim0sks9zagwg3an9jo,Regular Season,1uk609mhtsfhokhaewjapb26,Kortrijk,KVK,bw9wm8pqfzcchumhiwdt2w15c,OH Leuven,OHL,Guldensporenstadion,draw,D,0,0,0,0,FALSE,W 3-0,,16,15,Kortrijk,0,0,16,15,Midle,2,0,15,Afternoon
4s3or8i47or8p70amtotvjlec,45322,0.78125,2024-01-31Z,17:45:00Z,23,4zwgbb66rif2spcoeeol2motx,Belgian Jupiler Pro League,2023/2024,f0atdrdim0sks9zagwg3an9jo,Regular Season,bw9wm8pqfzcchumhiwdt2w15c,OH Leuven,OHL,89xivtxk59uzvhdsd6miao6tm,Genk,GNK,King Power at Den Dreef Stadion,home,W,0,0,2,1,TRUE,L 1-3,7846,15,5,Genk,1,3,5,15,Midle,3,0,15,Afternoon
4vac5nncewvzj0ecddu81chsk,45325,0.760416667,2024-02-03Z,17:15:00Z,24,4zwgbb66rif2spcoeeol2motx,Belgian Jupiler Pro League,2023/2024,f0atdrdim0sks9zagwg3an9jo,Regular Season,2nhn3ikl1ciq34w3hcp883d6p,Westerlo,WES,bw9wm8pqfzcchumhiwdt2w15c,OH Leuven,OHL,Het Kuipje,away,L,0,2,0,3,FALSE,L 0-2,,10,13,Westerlo,0,3,10,13,Midle,1,1,13,Afternoon
4w2seh9hm8htc71niexj6a7f8,45332,0.666666667,2024-02-10Z,15:00:00Z,25,4zwgbb66rif2spcoeeol2motx,Belgian Jupiler Pro League,2023/2024,f0atdrdim0sks9zagwg3an9jo,Regular Season,5z1b7fuvpqe6vnigvopomvecu,Standard Liège,STA,bw9wm8pqfzcchumhiwdt2w15c,OH Leuven,OHL,Stade Maurice Dufrasne,home,W,1,0,1,0,FALSE,L 1-2,,11,12,Standard Liège,0,1,11,12,Midle,3,0,12,Afternoon
4yqzx2kle0xh8c6mbzui5ydjo,45339,0.760416667,2024-02-17Z,17:15:00Z,26,4zwgbb66rif2spcoeeol2motx,Belgian Jupiler Pro League,2023/2024,f0atdrdim0sks9zagwg3an9jo,Regular Season,bw9wm8pqfzcchumhiwdt2w15c,OH Leuven,OHL,920raeoumft3q2wmvc296uceo,Sporting Charleroi,CHA,King Power at Den Dreef Stadion,draw,D,0,0,0,0,TRUE,D 1-1,9228,12,13,Sporting Charleroi,1,0,13,12,End,2,1,12,Afternoon
50ljuhsiuflgkyoqabj23q80k,45346,0.666666667,2024-02-24Z,15:00:00Z,27,4zwgbb66rif2spcoeeol2motx,Belgian Jupiler Pro League,2023/2024,f0atdrdim0sks9zagwg3an9jo,Regular Season,4kzh86nfubfwsjzerl9pz73kl,RWDM,RWD,bw9wm8pqfzcchumhiwdt2w15c,OH Leuven,OHL,Edmond Machtensstadion,draw,D,1,1,1,1,FALSE,L 1-2,,14,12,RWDM,0,2,14,12,End,2,0,12,Afternoon
539hjt08589esprrqk8xj09as,45353,0.760416667,2024-03-02Z,17:15:00Z,28,4zwgbb66rif2spcoeeol2motx,Belgian Jupiler Pro League,2023/2024,f0atdrdim0sks9zagwg3an9jo,Regular Season,bw9wm8pqfzcchumhiwdt2w15c,OH Leuven,OHL,ecj1gmc7pqcjo4sc9hvghj5u3,Union Saint-Gilloise,STG,King Power at Den Dreef Stadion,away,L,0,1,0,2,TRUE,L 1-5,9789,12,1,Union Saint-Gilloise,1,2,1,12,End,1,0,12,Afternoon
54bf3d7pni6yppljo5licwhsk,45361,0.666666667,2024-03-10Z,15:00:00Z,29,4zwgbb66rif2spcoeeol2motx,Belgian Jupiler Pro League,2023/2024,f0atdrdim0sks9zagwg3an9jo,Regular Season,1oyb7oym5nwzny8vxf03szd2h,Club Brugge,CLU,bw9wm8pqfzcchumhiwdt2w15c,OH Leuven,OHL,Jan Breydelstadion,home,W,1,1,3,1,FALSE,L 0-1,,3,13,Club Brugge,0,4,3,13,End,3,0,13,Afternoon
57i6yyarvjpugxfcvu1v2fl04,45368,0.770833333,2024-03-17Z,17:30:00Z,30,4zwgbb66rif2spcoeeol2motx,Belgian Jupiler Pro League,2023/2024,f0atdrdim0sks9zagwg3an9jo,Regular Season,bw9wm8pqfzcchumhiwdt2w15c,OH Leuven,OHL,b7jmo07lqav0wfe2mtlzyspak,Mechelen,KVM,King Power at Den Dreef Stadion,home,W,0,0,1,0,TRUE,W 2-1,11069,13,6,Mechelen,1,1,6,13,End,3,1,13,Afternoon
98omfw1wagomo5aac4rpyhtlg,45381,0.760416667,2024-03-30Z,17:15:00Z,1,4zwgbb66rif2spcoeeol2motx,Belgian Jupiler Pro League,2023/2024,f0atdrdim0sks9zagwg3an9jo,Conference League Play-off Group,bw9wm8pqfzcchumhiwdt2w15c,OH Leuven,OHL,b7jmo07lqav0wfe2mtlzyspak,Mechelen,KVM,King Power at Den Dreef Stadion,away,L,0,1,2,3,TRUE,W 1-0,6701,12,8,Mechelen,1,5,8,12,Beggining,1,2,12,Afternoon
99y91w7iktaif0z3bvu6lqtqs,45388,0.760416667,2024-04-06Z,16:15:00Z,2,4zwgbb66rif2spcoeeol2motx,Belgian Jupiler Pro League,2023/2024,f0atdrdim0sks9zagwg3an9jo,Conference League Play-off Group,5z1b7fuvpqe6vnigvopomvecu,Standard Liège,STA,bw9wm8pqfzcchumhiwdt2w15c,OH Leuven,OHL,Stade Maurice Dufrasne,draw,D,0,0,0,0,FALSE,L 0-1,,12,6,Standard Liège,0,0,12,6,Beggining,2,0,6,Afternoon
9bied5x123qpk7tpdx9t2fml0,45396,0.802083333,2024-04-14Z,17:15:00Z,3,4zwgbb66rif2spcoeeol2motx,Belgian Jupiler Pro League,2023/2024,f0atdrdim0sks9zagwg3an9jo,Conference League Play-off Group,bw9wm8pqfzcchumhiwdt2w15c,OH Leuven,OHL,8y3iucyxguipljcmf87a11bk9,Gent,GNT,King Power at Den Dreef Stadion,home,W,2,1,2,1,TRUE,L 0-4,4936,11,2,Gent,1,3,2,11,Beggining,3,0,11,Afternoon
9bwhkknuamvj2f60dtr3tdlas,45402,0.666666667,2024-04-20Z,14:00:00Z,4,4zwgbb66rif2spcoeeol2motx,Belgian Jupiler Pro League,2023/2024,f0atdrdim0sks9zagwg3an9jo,Conference League Play-off Group,bw9wm8pqfzcchumhiwdt2w15c,OH Leuven,OHL,2989v3kho9h5jaboe1nr7lx21,Sint-Truiden,STV,King Power at Den Dreef Stadion,home,W,0,0,1,0,TRUE,D 1-1,4350,15,6,Sint-Truiden,1,1,6,15,Beggining,3,1,15,Afternoon
9d4e9li8vmiuipt83qewm1hqs,45405,0.854166667,2024-04-23Z,18:30:00Z,5,4zwgbb66rif2spcoeeol2motx,Belgian Jupiler Pro League,2023/2024,f0atdrdim0sks9zagwg3an9jo,Conference League Play-off Group,2nhn3ikl1ciq34w3hcp883d6p,Westerlo,WES,bw9wm8pqfzcchumhiwdt2w15c,OH Leuven,OHL,Het Kuipje,draw,D,1,0,1,1,FALSE,W 3-0,,15,13,Westerlo,0,2,15,13,Beggining,2,2,13,Evening
9eb5kjsrfg1qyk71ynzx2pwd0,45409,0.666666667,2024-04-27Z,14:00:00Z,6,4zwgbb66rif2spcoeeol2motx,Belgian Jupiler Pro League,2023/2024,f0atdrdim0sks9zagwg3an9jo,Conference League Play-off Group,b7jmo07lqav0wfe2mtlzyspak,Mechelen,KVM,bw9wm8pqfzcchumhiwdt2w15c,OH Leuven,OHL,Achter De Kazerne,home,W,0,0,3,0,FALSE,L 2-3,,9,14,Mechelen,0,3,9,14,Midle,3,0,14,Afternoon
9garbt9ourfmmy4uxcq3f84yc,45417,0.666666667,2024-05-05Z,14:00:00Z,7,4zwgbb66rif2spcoeeol2motx,Belgian Jupiler Pro League,2023/2024,f0atdrdim0sks9zagwg3an9jo,Conference League Play-off Group,bw9wm8pqfzcchumhiwdt2w15c,OH Leuven,OHL,5z1b7fuvpqe6vnigvopomvecu,Standard Liège,STA,King Power at Den Dreef Stadion,home,W,0,1,3,1,TRUE,D 0-0,4913,12,14,Standard Liège,1,4,14,12,Midle,3,1,12,Afternoon
9h3ot7q260j2zti5eotdzdij8,45424,0.5625,2024-05-12Z,11:30:00Z,8,4zwgbb66rif2spcoeeol2motx,Belgian Jupiler Pro League,2023/2024,f0atdrdim0sks9zagwg3an9jo,Conference League Play-off Group,8y3iucyxguipljcmf87a11bk9,Gent,GNT,bw9wm8pqfzcchumhiwdt2w15c,OH Leuven,OHL,Planet Group Arena,away,L,0,1,0,1,FALSE,W 2-1,,1,13,Gent,0,1,1,13,Midle,1,2,13,Morning
9hy1pqjwhk2xcdgbm7fqlfris,45429,0.864583333,2024-05-17Z,18:45:00Z,9,4zwgbb66rif2spcoeeol2motx,Belgian Jupiler Pro League,2023/2024,f0atdrdim0sks9zagwg3an9jo,Conference League Play-off Group,2989v3kho9h5jaboe1nr7lx21,Sint-Truiden,STV,bw9wm8pqfzcchumhiwdt2w15c,OH Leuven,OHL,Daio Wasabi Stayen Stadium,draw,D,0,0,1,1,FALSE,W 1-0,,7,12,Sint-Truiden,0,2,7,12,Midle,2,0,12,Evening
9j49kwr0mzxabprw5v0rfr3mc,45437,0.854166667,2024-05-25Z,18:30:00Z,10,4zwgbb66rif2spcoeeol2motx,Belgian Jupiler Pro League,2023/2024,f0atdrdim0sks9zagwg3an9jo,Conference League Play-off Group,bw9wm8pqfzcchumhiwdt2w15c,OH Leuven,OHL,2nhn3ikl1ciq34w3hcp883d6p,Westerlo,WES,King Power at Den Dreef Stadion,away,L,0,2,1,2,TRUE,D 1-1,5907,13,16,Westerlo,1,3,16,13,Midle,1,0,13,Evening
5pcyhm34h5c948yji4oryevpw,45500,0.760416667,2024-07-27Z,16:15:00Z,1,4zwgbb66rif2spcoeeol2motx,Belgian Jupiler Pro League,2024/2025,809rv2nlzkn8gmn27a2ckuql0,Regular Season,cyrrlv6l1onld5x247w1q1jlr,Beerschot,BEE,bw9wm8pqfzcchumhiwdt2w15c,OH Leuven,OHL,Olympisch Stadion,draw,D,0,0,0,0,FALSE,L 1-3,,16,11,Beerschot,0,0,16,11,Beggining,2,0,11,Afternoon
5sue6595uizdrssh0wv22egpg,45507,0.760416667,2024-08-03Z,16:15:00Z,2,4zwgbb66rif2spcoeeol2motx,Belgian Jupiler Pro League,2024/2025,809rv2nlzkn8gmn27a2ckuql0,Regular Season,bw9wm8pqfzcchumhiwdt2w15c,OH Leuven,OHL,89xivtxk59uzvhdsd6miao6tm,Genk,GNK,King Power at Den Dreef Stadion,home,W,2,0,3,1,TRUE,W 2-1,5583,5,5,Genk,1,4,5,5,Beggining,3,0,5,Afternoon
5wb56hj1k3gel6lkn5se3gqok,45514,0.864583333,2024-08-10Z,18:45:00Z,3,4zwgbb66rif2spcoeeol2motx,Belgian Jupiler Pro League,2024/2025,809rv2nlzkn8gmn27a2ckuql0,Regular Season,6vyr13j6kbwdtxjwm1m4m8nu2,Anderlecht,AND,bw9wm8pqfzcchumhiwdt2w15c,OH Leuven,OHL,Lotto Park,draw,D,1,1,1,1,FALSE,D 1-1,,2,3,Anderlecht,0,2,2,3,Beggining,2,1,3,Evening
602pbgoexz07st4msln8fq0wk,45522,0.666666667,2024-08-18Z,14:00:00Z,4,4zwgbb66rif2spcoeeol2motx,Belgian Jupiler Pro League,2024/2025,809rv2nlzkn8gmn27a2ckuql0,Regular Season,bw9wm8pqfzcchumhiwdt2w15c,OH Leuven,OHL,3ix9om1svhd6obl0mbk1otgop,Cercle Brugge,CER,King Power at Den Dreef Stadion,draw,D,1,1,1,1,TRUE,L 1-2,5528,6,10,Cercle Brugge,1,2,10,6,Beggining,2,0,6,Afternoon
61xmh1s2xtwsx4noo7sqj6k2c,45528,0.760416667,2024-08-24Z,16:15:00Z,5,4zwgbb66rif2spcoeeol2motx,Belgian Jupiler Pro League,2024/2025,809rv2nlzkn8gmn27a2ckuql0,Regular Season,2nhn3ikl1ciq34w3hcp883d6p,Westerlo,WES,bw9wm8pqfzcchumhiwdt2w15c,OH Leuven,OHL,Het Kuipje,draw,D,1,1,1,1,FALSE,L 1-2,,2,7,Westerlo,0,2,2,7,Beggining,2,0,7,Afternoon
65chj645tcu0gtoy18rdroyz8,45535,0.864583333,2024-08-31Z,18:45:00Z,6,4zwgbb66rif2spcoeeol2motx,Belgian Jupiler Pro League,2024/2025,809rv2nlzkn8gmn27a2ckuql0,Regular Season,bw9wm8pqfzcchumhiwdt2w15c,OH Leuven,OHL,5z1b7fuvpqe6vnigvopomvecu,Standard Liège,STA,King Power at Den Dreef Stadion,home,W,1,0,2,0,TRUE,W 3-1,8958,8,7,Standard Liège,1,2,7,8,Midle,3,0,8,Evening
695t6yuiyw8q7bjv9nnll1atw,45550,0.666666667,2024-09-15Z,14:00:00Z,7,4zwgbb66rif2spcoeeol2motx,Belgian Jupiler Pro League,2024/2025,809rv2nlzkn8gmn27a2ckuql0,Regular Season,2989v3kho9h5jaboe1nr7lx21,Sint-Truiden,STV,bw9wm8pqfzcchumhiwdt2w15c,OH Leuven,OHL,Daio Wasabi Stayen Stadium,home,W,1,0,2,1,FALSE,D 1-1,,15,4,Sint-Truiden,0,3,15,4,Midle,3,1,4,Afternoon
6c8lz4vpdfl8yxo9kgokz9250,45557,0.802083333,2024-09-22Z,17:15:00Z,8,4zwgbb66rif2spcoeeol2motx,Belgian Jupiler Pro League,2024/2025,809rv2nlzkn8gmn27a2ckuql0,Regular Season,bw9wm8pqfzcchumhiwdt2w15c,OH Leuven,OHL,1uk609mhtsfhokhaewjapb26,Kortrijk,KVK,King Power at Den Dreef Stadion,draw,D,0,0,1,1,TRUE,D 0-0,6061,9,14,Kortrijk,1,2,14,9,Midle,2,2,9,Afternoon
6e51m1j7b2y8ycmgv0h215c7o,45564,0.770833333,2024-09-29Z,16:30:00Z,9,4zwgbb66rif2spcoeeol2motx,Belgian Jupiler Pro League,2024/2025,809rv2nlzkn8gmn27a2ckuql0,Regular Season,8y3iucyxguipljcmf87a11bk9,Gent,GNT,bw9wm8pqfzcchumhiwdt2w15c,OH Leuven,OHL,Planet Group Arena,home,W,2,0,3,0,FALSE,W 1-0,,3,8,Gent,0,3,3,8,Midle,3,0,8,Afternoon
6i180b3iyx583di6at041k4r8,45570,0.666666667,2024-10-05Z,14:00:00Z,10,4zwgbb66rif2spcoeeol2motx,Belgian Jupiler Pro League,2024/2025,809rv2nlzkn8gmn27a2ckuql0,Regular Season,b7jmo07lqav0wfe2mtlzyspak,Mechelen,KVM,bw9wm8pqfzcchumhiwdt2w15c,OH Leuven,OHL,Achter De Kazerne,home,W,2,0,5,0,FALSE,L 0-3,,11,10,Mechelen,0,5,11,10,Midle,3,1,10,Afternoon
6lop4d01krcoktw7peu0xrlec,45585,0.666666667,2024-10-20Z,14:00:00Z,11,4zwgbb66rif2spcoeeol2motx,Belgian Jupiler Pro League,2024/2025,809rv2nlzkn8gmn27a2ckuql0,Regular Season,bw9wm8pqfzcchumhiwdt2w15c,OH Leuven,OHL,7zibyotq1x1hq6pmgibhr0e6s,Antwerp,ANT,King Power at Den Dreef Stadion,draw,D,0,1,1,1,TRUE,L 0-1,6921,12,4,Antwerp,1,2,4,12,Midle,2,2,12,Afternoon
6p4xcllb1x7vx1xljrk14gbh0,45591,0.666666667,2024-10-26Z,14:00:00Z,12,4zwgbb66rif2spcoeeol2motx,Belgian Jupiler Pro League,2024/2025,809rv2nlzkn8gmn27a2ckuql0,Regular Season,920raeoumft3q2wmvc296uceo,Sporting Charleroi,CHA,bw9wm8pqfzcchumhiwdt2w15c,OH Leuven,OHL,Stade du Pays de Charleroi,away,L,0,2,0,2,FALSE,D 0-0,,11,12,Sporting Charleroi,0,2,11,12,Midle,1,0,12,Afternoon
6rulhyb9xa5yczi1jntilsr9w,45598,0.760416667,2024-11-02Z,17:15:00Z,13,4zwgbb66rif2spcoeeol2motx,Belgian Jupiler Pro League,2024/2025,809rv2nlzkn8gmn27a2ckuql0,Regular Season,bw9wm8pqfzcchumhiwdt2w15c,OH Leuven,OHL,1oyb7oym5nwzny8vxf03szd2h,Club Brugge,CLU,King Power at Den Dreef Stadion,away,L,0,0,0,1,TRUE,L 1-3,10485,10,2,Club Brugge,1,1,2,10,Midle,1,0,10,Afternoon
6vul2r4nef60spfw1s0m9nwno,45605,0.760416667,2024-11-09Z,17:15:00Z,14,4zwgbb66rif2spcoeeol2motx,Belgian Jupiler Pro League,2024/2025,809rv2nlzkn8gmn27a2ckuql0,Regular Season,4dtif7outbuivua8umbwegoo5,Dender,DEN,bw9wm8pqfzcchumhiwdt2w15c,OH Leuven,OHL,DENDER Football Complex,draw,D,1,1,1,1,FALSE,,,10,11,Dender,0,2,10,11,Midle,2,0,11,Afternoon
6y80kic6abtlkzmkr4oiejkt0,45620,0.666666667,2024-11-24Z,15:00:00Z,15,4zwgbb66rif2spcoeeol2motx,Belgian Jupiler Pro League,2024/2025,809rv2nlzkn8gmn27a2ckuql0,Regular Season,bw9wm8pqfzcchumhiwdt2w15c,OH Leuven,OHL,ecj1gmc7pqcjo4sc9hvghj5u3,Union Saint-Gilloise,STG,King Power at Den Dreef Stadion,draw,D,1,1,1,1,TRUE,L 0-2,6344,13,7,Union Saint-Gilloise,1,2,7,13,Midle,2,0,13,Afternoon
70wtfxx5kccxl5sxj1bvcd8us,45627,0.666666667,2024-12-01Z,15:00:00Z,16,4zwgbb66rif2spcoeeol2motx,Belgian Jupiler Pro League,2024/2025,809rv2nlzkn8gmn27a2ckuql0,Regular Season,bw9wm8pqfzcchumhiwdt2w15c,OH Leuven,OHL,6vyr13j6kbwdtxjwm1m4m8nu2,Anderlecht,AND,King Power at Den Dreef Stadion,draw,D,0,0,0,0,TRUE,D 1-1,10723,11,3,Anderlecht,1,0,3,11,Midle,2,0,11,Afternoon
741sm8f1osrj6qvq54ql5sv84,45633,0.760416667,2024-12-07Z,17:15:00Z,17,4zwgbb66rif2spcoeeol2motx,Belgian Jupiler Pro League,2024/2025,809rv2nlzkn8gmn27a2ckuql0,Regular Season,5z1b7fuvpqe6vnigvopomvecu,Standard Liège,STA,bw9wm8pqfzcchumhiwdt2w15c,OH Leuven,OHL,Stade Maurice Dufrasne,draw,D,1,0,1,1,FALSE,W 2-0,,9,10,Standard Liège,0,2,9,10,Midle,2,0,10,Afternoon
77idfj6cmoadi2223efythatw,45640,0.760416667,2024-12-14Z,17:15:00Z,18,4zwgbb66rif2spcoeeol2motx,Belgian Jupiler Pro League,2024/2025,809rv2nlzkn8gmn27a2ckuql0,Regular Season,bw9wm8pqfzcchumhiwdt2w15c,OH Leuven,OHL,920raeoumft3q2wmvc296uceo,Sporting Charleroi,CHA,King Power at Den Dreef Stadion,home,W,0,0,1,0,TRUE,W 2-0,5641,12,10,Sporting Charleroi,1,1,10,12,Midle,3,0,12,Afternoon
7a76a8362jg3typalwyouhfdg,45648,0.802083333,2024-12-22Z,18:15:00Z,19,4zwgbb66rif2spcoeeol2motx,Belgian Jupiler Pro League,2024/2025,809rv2nlzkn8gmn27a2ckuql0,Regular Season,3ix9om1svhd6obl0mbk1otgop,Cercle Brugge,CER,bw9wm8pqfzcchumhiwdt2w15c,OH Leuven,OHL,Jan Breydelstadion,home,W,0,0,1,0,FALSE,D 1-1,,14,11,Cercle Brugge,0,1,14,11,Midle,3,1,11,Evening
7dq0nagdoadvgfk4qfxw3lvkk,45653,0.770833333,2024-12-27Z,17:30:00Z,20,4zwgbb66rif2spcoeeol2motx,Belgian Jupiler Pro League,2024/2025,809rv2nlzkn8gmn27a2ckuql0,Regular Season,bw9wm8pqfzcchumhiwdt2w15c,OH Leuven,OHL,cyrrlv6l1onld5x247w1q1jlr,Beerschot,BEE,King Power at Den Dreef Stadion,home,W,0,0,2,0,TRUE,D 0-0,6655,12,16,Beerschot,1,2,16,12,Midle,3,2,12,Afternoon
7f8hyu2mxs711863i8ui9atqs,45668,0.760416667,2025-01-11Z,17:15:00Z,21,4zwgbb66rif2spcoeeol2motx,Belgian Jupiler Pro League,2024/2025,809rv2nlzkn8gmn27a2ckuql0,Regular Season,89xivtxk59uzvhdsd6miao6tm,Genk,GNK,bw9wm8pqfzcchumhiwdt2w15c,OH Leuven,OHL,Cegeka Arena,home,W,0,0,2,0,FALSE,W 3-1,,1,10,Genk,0,2,1,10,Midle,3,3,10,Afternoon
7icq1hu6zx1cpixqxzm5ktb84,45676,0.666666667,2025-01-19Z,15:00:00Z,22,4zwgbb66rif2spcoeeol2motx,Belgian Jupiler Pro League,2024/2025,809rv2nlzkn8gmn27a2ckuql0,Regular Season,ecj1gmc7pqcjo4sc9hvghj5u3,Union Saint-Gilloise,STG,bw9wm8pqfzcchumhiwdt2w15c,OH Leuven,OHL,Stade Joseph Mariën,home,W,1,0,1,0,FALSE,D 1-1,,3,11,Union Saint-Gilloise,0,1,3,11,Midle,3,4,11,Afternoon
7mk17ds9sv6rqbsd6o75ppuz8,45683,0.802083333,2025-01-26Z,18:15:00Z,23,4zwgbb66rif2spcoeeol2motx,Belgian Jupiler Pro League,2024/2025,809rv2nlzkn8gmn27a2ckuql0,Regular Season,bw9wm8pqfzcchumhiwdt2w15c,OH Leuven,OHL,8y3iucyxguipljcmf87a11bk9,Gent,GNT,King Power at Den Dreef Stadion,draw,D,0,0,0,0,TRUE,L 0-3,5550,12,6,Gent,1,0,6,12,Midle,2,5,12,Evening
7qex3cmy0pi6r9v2luba43qqc,45688,0.864583333,2025-01-31Z,19:45:00Z,24,4zwgbb66rif2spcoeeol2motx,Belgian Jupiler Pro League,2024/2025,809rv2nlzkn8gmn27a2ckuql0,Regular Season,bw9wm8pqfzcchumhiwdt2w15c,OH Leuven,OHL,b7jmo07lqav0wfe2mtlzyspak,Mechelen,KVM,King Power at Den Dreef Stadion,home,W,1,0,1,0,TRUE,L 0-5,6619,12,11,Mechelen,1,1,11,12,Midle,3,0,12,Evening
7r6v5k8usx2d5lojp7024ikus,45696,0.666666667,2025-02-08Z,15:00:00Z,25,4zwgbb66rif2spcoeeol2motx,Belgian Jupiler Pro League,2024/2025,809rv2nlzkn8gmn27a2ckuql0,Regular Season,1oyb7oym5nwzny8vxf03szd2h,Club Brugge,CLU,bw9wm8pqfzcchumhiwdt2w15c,OH Leuven,OHL,Jan Breydelstadion,home,W,1,0,1,0,FALSE,L 0-1,,2,9,Club Brugge,0,1,2,9,Midle,3,1,9,Afternoon
7wei2vfmf9wa2ikr3hmt50ljo,45703,0.666666667,2025-02-15Z,15:00:00Z,26,4zwgbb66rif2spcoeeol2motx,Belgian Jupiler Pro League,2024/2025,809rv2nlzkn8gmn27a2ckuql0,Regular Season,bw9wm8pqfzcchumhiwdt2w15c,OH Leuven,OHL,4dtif7outbuivua8umbwegoo5,Dender,DEN,King Power at Den Dreef Stadion,home,W,1,2,3,2,TRUE,D 1-1,5782,11,9,Dender,1,5,9,11,End,3,2,11,Afternoon
7ypezm6dgrnx4seixgf565f6c,45710,0.864583333,2025-02-22Z,19:45:00Z,27,4zwgbb66rif2spcoeeol2motx,Belgian Jupiler Pro League,2024/2025,809rv2nlzkn8gmn27a2ckuql0,Regular Season,7zibyotq1x1hq6pmgibhr0e6s,Antwerp,ANT,bw9wm8pqfzcchumhiwdt2w15c,OH Leuven,OHL,Bosuilstadion,draw,D,0,0,2,2,FALSE,D 1-1,,5,9,Antwerp,0,4,5,9,End,2,3,9,Evening
82ku9pdoluteqx9sa2bqzmcyc,45718,0.802083333,2025-03-02Z,18:15:00Z,28,4zwgbb66rif2spcoeeol2motx,Belgian Jupiler Pro League,2024/2025,809rv2nlzkn8gmn27a2ckuql0,Regular Season,bw9wm8pqfzcchumhiwdt2w15c,OH Leuven,OHL,2nhn3ikl1ciq34w3hcp883d6p,Westerlo,WES,King Power at Den Dreef Stadion,draw,D,0,0,0,0,TRUE,D 1-1,7097,9,13,Westerlo,1,0,13,9,End,2,0,9,Evening
84iv05xyhc3am31y0fo7hhces,45724,0.666666667,2025-03-08Z,15:00:00Z,29,4zwgbb66rif2spcoeeol2motx,Belgian Jupiler Pro League,2024/2025,809rv2nlzkn8gmn27a2ckuql0,Regular Season,1uk609mhtsfhokhaewjapb26,Kortrijk,KVK,bw9wm8pqfzcchumhiwdt2w15c,OH Leuven,OHL,Guldensporenstadion,home,W,1,0,2,0,FALSE,D 1-1,,15,9,Kortrijk,0,2,15,9,End,3,0,9,Afternoon
89eut1cf33jziticurrctu2ok,45732,0.770833333,2025-03-16Z,17:30:00Z,30,4zwgbb66rif2spcoeeol2motx,Belgian Jupiler Pro League,2024/2025,809rv2nlzkn8gmn27a2ckuql0,Regular Season,bw9wm8pqfzcchumhiwdt2w15c,OH Leuven,OHL,2989v3kho9h5jaboe1nr7lx21,Sint-Truiden,STV,King Power at Den Dreef Stadion,home,W,1,1,3,2,TRUE,L 1-2,7689,11,14,Sint-Truiden,1,5,14,11,End,3,1,11,Afternoon
7u79waryljwbgwi0mk9gugzkk,45744,0.864583333,2025-03-28Z,19:45:00Z,1,4zwgbb66rif2spcoeeol2motx,Belgian Jupiler Pro League,2024/2025,809rv2nlzkn8gmn27a2ckuql0,Conference League Play-off Group,bw9wm8pqfzcchumhiwdt2w15c,OH Leuven,OHL,920raeoumft3q2wmvc296uceo,Sporting Charleroi,CHA,King Power at Den Dreef Stadion,draw,D,0,0,0,0,TRUE,W 1-0,4241,11,10,Sporting Charleroi,1,0,10,11,Beggining,2,2,11,Evening
7w95lgqov6wnfqm2cbcywk6j8,45752,0.760416667,2025-04-05Z,16:15:00Z,2,4zwgbb66rif2spcoeeol2motx,Belgian Jupiler Pro League,2024/2025,809rv2nlzkn8gmn27a2ckuql0,Conference League Play-off Group,2nhn3ikl1ciq34w3hcp883d6p,Westerlo,WES,bw9wm8pqfzcchumhiwdt2w15c,OH Leuven,OHL,Het Kuipje,draw,D,0,0,2,2,FALSE,D 0-0,,1,5,Westerlo,0,4,1,5,Beggining,2,0,5,Afternoon
7xkc6usxncqrp5vbb59u7zlec,45760,0.666666667,2025-04-13Z,14:00:00Z,3,4zwgbb66rif2spcoeeol2motx,Belgian Jupiler Pro League,2024/2025,809rv2nlzkn8gmn27a2ckuql0,Conference League Play-off Group,b7jmo07lqav0wfe2mtlzyspak,Mechelen,KVM,bw9wm8pqfzcchumhiwdt2w15c,OH Leuven,OHL,Achter De Kazerne,draw,D,1,1,1,1,FALSE,W 1-0,,12,3,Mechelen,0,2,12,3,Beggining,2,0,3,Afternoon
7ygyxo6o1uoe8uzbk4nsgeiok,45766,0.666666667,2025-04-19Z,14:00:00Z,4,4zwgbb66rif2spcoeeol2motx,Belgian Jupiler Pro League,2024/2025,809rv2nlzkn8gmn27a2ckuql0,Conference League Play-off Group,bw9wm8pqfzcchumhiwdt2w15c,OH Leuven,OHL,4dtif7outbuivua8umbwegoo5,Dender,DEN,King Power at Den Dreef Stadion,draw,D,3,1,4,4,TRUE,W 3-2,4252,6,2,Dender,1,8,2,6,Beggining,2,0,6,Afternoon
7zt8gyxi7eoab8avc8bpm5y50,45769,0.854166667,2025-04-22Z,18:30:00Z,5,4zwgbb66rif2spcoeeol2motx,Belgian Jupiler Pro League,2024/2025,809rv2nlzkn8gmn27a2ckuql0,Conference League Play-off Group,5z1b7fuvpqe6vnigvopomvecu,Standard Liège,STA,bw9wm8pqfzcchumhiwdt2w15c,OH Leuven,OHL,Stade Maurice Dufrasne,away,L,0,0,0,1,FALSE,D 1-1,,11,7,Standard Liège,0,1,11,7,Beggining,1,0,7,Evening
814atdxgv4huojqsu3t0d9vro,45773,0.666666667,2025-04-26Z,14:00:00Z,6,4zwgbb66rif2spcoeeol2motx,Belgian Jupiler Pro League,2024/2025,809rv2nlzkn8gmn27a2ckuql0,Conference League Play-off Group,bw9wm8pqfzcchumhiwdt2w15c,OH Leuven,OHL,5z1b7fuvpqe6vnigvopomvecu,Standard Liège,STA,King Power at Den Dreef Stadion,draw,D,1,0,1,1,TRUE,W 1-0,5164,8,7,Standard Liège,1,2,7,8,Midle,2,0,8,Afternoon
82ukg77wot5ten1zki8rhuln8,45780,0.760416667,2025-05-03Z,16:15:00Z,7,4zwgbb66rif2spcoeeol2motx,Belgian Jupiler Pro League,2024/2025,809rv2nlzkn8gmn27a2ckuql0,Conference League Play-off Group,bw9wm8pqfzcchumhiwdt2w15c,OH Leuven,OHL,b7jmo07lqav0wfe2mtlzyspak,Mechelen,KVM,King Power at Den Dreef Stadion,away,L,0,1,1,2,TRUE,D 1-1,5615,4,9,Mechelen,1,3,9,4,Midle,1,0,4,Afternoon
84nc9rtln8g0ixfdcs5r0xxxw,45788,0.802083333,2025-05-11Z,17:15:00Z,8,4zwgbb66rif2spcoeeol2motx,Belgian Jupiler Pro League,2024/2025,809rv2nlzkn8gmn27a2ckuql0,Conference League Play-off Group,4dtif7outbuivua8umbwegoo5,Dender,DEN,bw9wm8pqfzcchumhiwdt2w15c,OH Leuven,OHL,DENDER Football Complex,home,W,4,0,5,0,FALSE,D 4-4,,5,9,Dender,0,5,5,9,Midle,3,0,9,Afternoon
852y9z78ifhike3zkg6dfyluc,45793,0.864583333,2025-05-16Z,18:45:00Z,9,4zwgbb66rif2spcoeeol2motx,Belgian Jupiler Pro League,2024/2025,809rv2nlzkn8gmn27a2ckuql0,Conference League Play-off Group,bw9wm8pqfzcchumhiwdt2w15c,OH Leuven,OHL,2nhn3ikl1ciq34w3hcp883d6p,Westerlo,WES,King Power at Den Dreef Stadion,away,L,0,1,0,2,TRUE,D 2-2,5025,8,9,Westerlo,1,2,9,8,Midle,1,1,8,Evening
86dn3ijocusxpzra33m12qc5w,45801,0.833333333,2025-05-24Z,18:00:00Z,10,4zwgbb66rif2spcoeeol2motx,Belgian Jupiler Pro League,2024/2025,809rv2nlzkn8gmn27a2ckuql0,Conference League Play-off Group,920raeoumft3q2wmvc296uceo,Sporting Charleroi,CHA,bw9wm8pqfzcchumhiwdt2w15c,OH Leuven,OHL,Stade du Pays de Charleroi,home,W,1,1,2,1,FALSE,D 0-0,,4,10,Sporting Charleroi,0,3,4,10,Midle,3,0,10,Evening
csbw4frxjcvgpv95iekqvb21g,45865,0.666666667,2025-07-27Z,14:00:00Z,1,4zwgbb66rif2spcoeeol2motx,Belgian Jupiler Pro League,2025/2026,16lkdpoccbh056r0v0bordo2c,Regular Season,bw9wm8pqfzcchumhiwdt2w15c,OH Leuven,OHL,920raeoumft3q2wmvc296uceo,Sporting Charleroi,CHA,King Power at Den Dreef Stadion,draw,D,1,0,2,2,TRUE,L 1-2,4318,14,11,Sporting Charleroi,1,4,11,14,Beggining,2,1,14,Afternoon
ctopnopmg8mzxf3q6rje346qc,45872,0.770833333,2025-08-03Z,16:30:00Z,2,4zwgbb66rif2spcoeeol2motx,Belgian Jupiler Pro League,2025/2026,16lkdpoccbh056r0v0bordo2c,Regular Season,ecj1gmc7pqcjo4sc9hvghj5u3,Union Saint-Gilloise,STG,bw9wm8pqfzcchumhiwdt2w15c,OH Leuven,OHL,Stade Joseph Mariën,home,W,2,0,5,0,FALSE,L 0-1,,5,5,Union Saint-Gilloise,0,5,5,5,Beggining,3,0,5,Afternoon
cxtfvvs8g6im8v2btf5nupfro,45879,0.802083333,2025-08-10Z,17:15:00Z,3,4zwgbb66rif2spcoeeol2motx,Belgian Jupiler Pro League,2025/2026,16lkdpoccbh056r0v0bordo2c,Regular Season,7zibyotq1x1hq6pmgibhr0e6s,Antwerp,ANT,bw9wm8pqfzcchumhiwdt2w15c,OH Leuven,OHL,Bosuilstadion,home,W,1,0,3,1,FALSE,D 2-2,,9,15,Antwerp,0,4,9,15,Beggining,3,1,15,Afternoon
d0y4sncaf09mzv9ms24ck6olw,45884,0.864583333,2025-08-15Z,18:45:00Z,4,4zwgbb66rif2spcoeeol2motx,Belgian Jupiler Pro League,2025/2026,16lkdpoccbh056r0v0bordo2c,Regular Season,bw9wm8pqfzcchumhiwdt2w15c,OH Leuven,OHL,89xivtxk59uzvhdsd6miao6tm,Genk,GNK,King Power at Den Dreef Stadion,away,L,1,2,1,2,TRUE,L 0-2,6360,16,14,Genk,1,3,14,16,Beggining,1,2,16,Evening
d5vpyuaaynfcg6vv6ixlmfcb8,45893,0.802083333,2025-08-24Z,17:15:00Z,5,4zwgbb66rif2spcoeeol2motx,Belgian Jupiler Pro League,2025/2026,16lkdpoccbh056r0v0bordo2c,Regular Season,4dtif7outbuivua8umbwegoo5,Dender,DEN,bw9wm8pqfzcchumhiwdt2w15c,OH Leuven,OHL,DENDER Football Complex,away,L,0,0,0,1,FALSE,L 0-5,,15,16,Dender,0,1,15,16,Beggining,1,0,16,Afternoon
d7riiuoqud1d84e7gu4givjf8,45900,0.666666667,2025-08-31Z,14:00:00Z,6,4zwgbb66rif2spcoeeol2motx,Belgian Jupiler Pro League,2025/2026,16lkdpoccbh056r0v0bordo2c,Regular Season,bw9wm8pqfzcchumhiwdt2w15c,OH Leuven,OHL,5z1b7fuvpqe6vnigvopomvecu,Standard Liège,STA,King Power at Den Dreef Stadion,home,W,0,0,1,0,TRUE,D 1-1,6676,15,8,Standard Liège,1,1,8,15,Midle,3,0,15,Afternoon
dawbvc4ebh1knr7qctivmrod0,45913,0.666666667,2025-09-13Z,14:00:00Z,7,4zwgbb66rif2spcoeeol2motx,Belgian Jupiler Pro League,2025/2026,16lkdpoccbh056r0v0bordo2c,Regular Season,547zzwqbiugzphhnrhj3z5k5i,Zulte Waregem,ZWA,bw9wm8pqfzcchumhiwdt2w15c,OH Leuven,OHL,Elindus Arena,home,W,2,0,2,0,FALSE,W 4-2,,15,12,Zulte Waregem,0,2,15,12,Midle,3,1,12,Afternoon
de191c5ia8dqmkvpzprawob2s,45920,0.666666667,2025-09-20Z,14:00:00Z,8,4zwgbb66rif2spcoeeol2motx,Belgian Jupiler Pro League,2025/2026,16lkdpoccbh056r0v0bordo2c,Regular Season,bw9wm8pqfzcchumhiwdt2w15c,OH Leuven,OHL,75b9wl3zixoytzcmvwavlp46i,RAAL La Louvière,LAL,King Power at Den Dreef Stadion,away,L,1,2,1,2,TRUE,,4036,15,13,RAAL La Louvière,1,3,13,15,Midle,1,2,15,Afternoon
dh7ze0l15ri59fuhmnrs8pst0,45926,0.864583333,2025-09-26Z,18:45:00Z,9,4zwgbb66rif2spcoeeol2motx,Belgian Jupiler Pro League,2025/2026,16lkdpoccbh056r0v0bordo2c,Regular Season,bw9wm8pqfzcchumhiwdt2w15c,OH Leuven,OHL,6vyr13j6kbwdtxjwm1m4m8nu2,Anderlecht,AND,King Power at Den Dreef Stadion,draw,D,0,0,1,1,TRUE,D 0-0,6977,15,2,Anderlecht,1,2,2,15,Midle,2,0,15,Evening
dly0jj6xr9hi9nxzv17quzwno,45935,0.802083333,2025-10-05Z,17:15:00Z,10,4zwgbb66rif2spcoeeol2motx,Belgian Jupiler Pro League,2025/2026,16lkdpoccbh056r0v0bordo2c,Regular Season,2nhn3ikl1ciq34w3hcp883d6p,Westerlo,WES,bw9wm8pqfzcchumhiwdt2w15c,OH Leuven,OHL,Het Kuipje,home,W,1,0,2,0,FALSE,L 0-2,,13,15,Westerlo,0,2,13,15,Midle,3,0,15,Afternoon
dob21hsimmlz7agqzo8irt5w4,45948,0.760416667,2025-10-18Z,16:15:00Z,11,4zwgbb66rif2spcoeeol2motx,Belgian Jupiler Pro League,2025/2026,16lkdpoccbh056r0v0bordo2c,Regular Season,bw9wm8pqfzcchumhiwdt2w15c,OH Leuven,OHL,1oyb7oym5nwzny8vxf03szd2h,Club Brugge,CLU,King Power at Den Dreef Stadion,away,L,0,0,0,1,TRUE,L 0-1,7992,15,2,Club Brugge,1,1,2,15,Midle,1,1,15,Afternoon
drdzv152kp1zoqqdbl98trj10,45955,0.760416667,2025-10-25Z,16:15:00Z,12,4zwgbb66rif2spcoeeol2motx,Belgian Jupiler Pro League,2025/2026,16lkdpoccbh056r0v0bordo2c,Regular Season,b7jmo07lqav0wfe2mtlzyspak,Mechelen,KVM,bw9wm8pqfzcchumhiwdt2w15c,OH Leuven,OHL,Achter De Kazerne,draw,D,0,0,1,1,FALSE,L 1-2,,4,15,Mechelen,0,2,4,15,Midle,2,0,15,Afternoon
duivyh7ccvqb0o2ykwgvaq5uc,45963,0.666666667,2025-11-02Z,15:00:00Z,13,4zwgbb66rif2spcoeeol2motx,Belgian Jupiler Pro League,2025/2026,16lkdpoccbh056r0v0bordo2c,Regular Season,bw9wm8pqfzcchumhiwdt2w15c,OH Leuven,OHL,8y3iucyxguipljcmf87a11bk9,Gent,GNT,King Power at Den Dreef Stadion,home,W,2,0,4,0,TRUE,D 0-0,6373,15,3,Gent,1,4,3,15,Midle,3,0,15,Afternoon
dwvrsfezoy7lsopii72xnd1xw,45969,0.666666667,2025-11-08Z,15:00:00Z,14,4zwgbb66rif2spcoeeol2motx,Belgian Jupiler Pro League,2025/2026,16lkdpoccbh056r0v0bordo2c,Regular Season,3ix9om1svhd6obl0mbk1otgop,Cercle Brugge,CER,bw9wm8pqfzcchumhiwdt2w15c,OH Leuven,OHL,Jan Breydelstadion,away,L,1,0,1,2,FALSE,L 0-1,,13,14,Cercle Brugge,0,3,13,14,Midle,1,1,14,Afternoon
e1650lh8xyaev5kzm5v3m2kgk,45984,0.802083333,2025-11-23Z,18:15:00Z,15,4zwgbb66rif2spcoeeol2motx,Belgian Jupiler Pro League,2025/2026,16lkdpoccbh056r0v0bordo2c,Regular Season,bw9wm8pqfzcchumhiwdt2w15c,OH Leuven,OHL,2989v3kho9h5jaboe1nr7lx21,Sint-Truiden,STV,King Power at Den Dreef Stadion,away,L,1,2,1,2,TRUE,W 3-2,5661,13,4,Sint-Truiden,1,3,4,13,Midle,1,0,13,Evening
e2ydwakqnrmekfzdr48j9n3f8,45991,0.666666667,2025-11-30Z,15:00:00Z,16,4zwgbb66rif2spcoeeol2motx,Belgian Jupiler Pro League,2025/2026,16lkdpoccbh056r0v0bordo2c,Regular Season,89xivtxk59uzvhdsd6miao6tm,Genk,GNK,bw9wm8pqfzcchumhiwdt2w15c,OH Leuven,OHL,Cegeka Arena,home,W,0,0,2,1,FALSE,L 1-2,,7,13,Genk,0,3,7,13,Midle,3,0,13,Afternoon
e6vo7nt78kq3sax8h8o1ke4gk,45998,0.802083333,2025-12-07Z,18:15:00Z,17,4zwgbb66rif2spcoeeol2motx,Belgian Jupiler Pro League,2025/2026,16lkdpoccbh056r0v0bordo2c,Regular Season,bw9wm8pqfzcchumhiwdt2w15c,OH Leuven,OHL,547zzwqbiugzphhnrhj3z5k5i,Zulte Waregem,ZWA,King Power at Den Dreef Stadion,draw,D,1,1,1,1,TRUE,L 0-2,4494,14,8,Zulte Waregem,1,2,8,14,Midle,2,1,14,Evening
e9vop6xkarhbdtysjlqtm4w7o,46003,0.864583333,2025-12-12Z,19:45:00Z,18,4zwgbb66rif2spcoeeol2motx,Belgian Jupiler Pro League,2025/2026,16lkdpoccbh056r0v0bordo2c,Regular Season,5z1b7fuvpqe6vnigvopomvecu,Standard Liège,STA,bw9wm8pqfzcchumhiwdt2w15c,OH Leuven,OHL,Stade Maurice Dufrasne,away,L,0,0,0,1,FALSE,W 1-0,,6,14,Standard Liège,0,1,6,14,Midle,1,0,14,Evening
ecz9iyxyc5ira9n59m8cp3bis,46012,0.802083333,2025-12-21Z,18:15:00Z,19,4zwgbb66rif2spcoeeol2motx,Belgian Jupiler Pro League,2025/2026,16lkdpoccbh056r0v0bordo2c,Regular Season,bw9wm8pqfzcchumhiwdt2w15c,OH Leuven,OHL,3ix9om1svhd6obl0mbk1otgop,Cercle Brugge,CER,King Power at Den Dreef Stadion,away,L,0,2,0,2,TRUE,W 2-1,5812,14,15,Cercle Brugge,1,2,15,14,Midle,1,0,14,Evening
egwl2zpb2lsojatd5oln6xn9w,46018,0.666666667,2025-12-27Z,15:00:00Z,20,4zwgbb66rif2spcoeeol2motx,Belgian Jupiler Pro League,2025/2026,16lkdpoccbh056r0v0bordo2c,Regular Season,75b9wl3zixoytzcmvwavlp46i,RAAL La Louvière,LAL,bw9wm8pqfzcchumhiwdt2w15c,OH Leuven,OHL,Easi Arena,draw,D,0,0,0,0,FALSE,L 1-2,,13,14,RAAL La Louvière,0,0,13,14,Midle,2,0,14,Afternoon
ejqw6juegshs0txtuuxahtno4,46040,0.802083333,2026-01-18Z,18:15:00Z,21,4zwgbb66rif2spcoeeol2motx,Belgian Jupiler Pro League,2025/2026,16lkdpoccbh056r0v0bordo2c,Regular Season,2989v3kho9h5jaboe1nr7lx21,Sint-Truiden,STV,bw9wm8pqfzcchumhiwdt2w15c,OH Leuven,OHL,Daio Wasabi Stayen Stadium,home,W,1,0,1,0,FALSE,L 1-2,,3,14,Sint-Truiden,0,1,3,14,Midle,3,0,14,Evening
enw1n6mhkzvb6uptwhzs4gowk,46046,0.864583333,2026-01-24Z,19:45:00Z,22,4zwgbb66rif2spcoeeol2motx,Belgian Jupiler Pro League,2025/2026,16lkdpoccbh056r0v0bordo2c,Regular Season,bw9wm8pqfzcchumhiwdt2w15c,OH Leuven,OHL,ecj1gmc7pqcjo4sc9hvghj5u3,Union Saint-Gilloise,STG,King Power at Den Dreef Stadion,draw,D,0,0,0,0,TRUE,L 0-5,5322,15,1,Union Saint-Gilloise,1,0,1,15,Midle,2,1,15,Evening
eqncupz92qy89z9bxks1e0t90,46054,0.802083333,2026-02-01Z,18:15:00Z,23,4zwgbb66rif2spcoeeol2motx,Belgian Jupiler Pro League,2025/2026,16lkdpoccbh056r0v0bordo2c,Regular Season,bw9wm8pqfzcchumhiwdt2w15c,OH Leuven,OHL,b7jmo07lqav0wfe2mtlzyspak,Mechelen,KVM,King Power at Den Dreef Stadion,draw,D,1,0,2,2,TRUE,D 1-1,5971,15,6,Mechelen,1,4,6,15,Midle,2,0,15,Evening
esy974nh0dqx61hrn6g35y044,46060,0.864583333,2026-02-07Z,19:45:00Z,24,4zwgbb66rif2spcoeeol2motx,Belgian Jupiler Pro League,2025/2026,16lkdpoccbh056r0v0bordo2c,Regular Season,8y3iucyxguipljcmf87a11bk9,Gent,GNT,bw9wm8pqfzcchumhiwdt2w15c,OH Leuven,OHL,Planet Group Arena,away,L,0,2,1,3,FALSE,W 4-0,,5,14,Gent,0,4,5,14,Midle,1,0,14,Evening
ewgb5fczpfa71pfzihlip6yok,46067,0.666666667,2026-02-14Z,15:00:00Z,25,4zwgbb66rif2spcoeeol2motx,Belgian Jupiler Pro League,2025/2026,16lkdpoccbh056r0v0bordo2c,Regular Season,bw9wm8pqfzcchumhiwdt2w15c,OH Leuven,OHL,4dtif7outbuivua8umbwegoo5,Dender,DEN,King Power at Den Dreef Stadion,home,W,2,1,3,2,TRUE,W 1-0,5137,13,16,Dender,1,5,16,13,Midle,3,0,13,Afternoon
exzov7o3p9v5vqr86qipfm1w4,46074,0.760416667,2026-02-21Z,17:15:00Z,26,4zwgbb66rif2spcoeeol2motx,Belgian Jupiler Pro League,2025/2026,16lkdpoccbh056r0v0bordo2c,Regular Season,1oyb7oym5nwzny8vxf03szd2h,Club Brugge,CLU,bw9wm8pqfzcchumhiwdt2w15c,OH Leuven,OHL,Jan Breydelstadion,home,W,0,0,2,1,FALSE,L 0-1,,3,13,Club Brugge,0,3,3,13,End,3,1,13,Afternoon
f19ucr3rev3uy5uvxjxznqsk4,46081,0.864583333,2026-02-28Z,19:45:00Z,27,4zwgbb66rif2spcoeeol2motx,Belgian Jupiler Pro League,2025/2026,16lkdpoccbh056r0v0bordo2c,Regular Season,6vyr13j6kbwdtxjwm1m4m8nu2,Anderlecht,AND,bw9wm8pqfzcchumhiwdt2w15c,OH Leuven,OHL,Lotto Park,home,W,1,1,5,1,FALSE,D 1-1,,4,13,Anderlecht,0,6,4,13,End,3,2,13,Evening
rf7k8o1xjf0xw5zrgpbtmhg,46088,0.666666667,2026-03-07Z,15:00:00Z,28,4zwgbb66rif2spcoeeol2motx,Belgian Jupiler Pro League,2025/2026,16lkdpoccbh056r0v0bordo2c,Regular Season,bw9wm8pqfzcchumhiwdt2w15c,OH Leuven,OHL,2nhn3ikl1ciq34w3hcp883d6p,Westerlo,WES,King Power at Den Dreef Stadion,away,L,0,1,0,1,TRUE,L 0-2,6062,14,8,Westerlo,1,1,8,14,End,1,3,14,Afternoon
